Ticker,asof
A,2026-01-26
AAMI,2026-01-26
AAOI,2026-01-26
AAP,2026-01-26
AAPL,2026-01-26
AARD,2026-01-26
AAT,2026-01-26
ABAT,2026-01-26
ABBV,2026-01-26
ABCB,2026-01-26
ABEO,2026-01-26
ABG,2026-01-26
ABL,2026-01-26
ABM,2026-01-26
ABNB,2026-01-26
ABR,2026-01-26
ABSI,2026-01-26
ABT,2026-01-26
ABUS,2026-01-26
ACA,2026-01-26
ACAD,2026-01-26
ACCO,2026-01-26
ACDC,2026-01-26
ACEL,2026-01-26
ACGL,2026-01-26
ACHR,2026-01-26
ACIC,2026-01-26
ACIW,2026-01-26
ACLS,2026-01-26
ACLX,2026-01-26
ACMR,2026-01-26
ACN,2026-01-26
ACNB,2026-01-26
ACNT,2026-01-26
ACR,2026-01-26
ACRE,2026-01-26
ACRS,2026-01-26
ACT,2026-01-26
ACTG,2026-01-26
ACTU,2026-01-26
ACU,2026-01-26
ACVA,2026-01-26
ADAM,2026-01-26
ADBE,2026-01-26
ADCT,2026-01-26
ADEA,2026-01-26
ADI,2026-01-26
ADM,2026-01-26
ADMA,2026-01-26
ADNT,2026-01-26
ADP,2026-01-26
ADPT,2026-01-26
ADSK,2026-01-26
ADTN,2026-01-26
ADUS,2026-01-26
ADV,2026-01-26
AEBI,2026-01-26
AEE,2026-01-26
AEHR,2026-01-26
AEIS,2026-01-26
AEO,2026-01-26
AEP,2026-01-26
AES,2026-01-26
AESI,2026-01-26
AEVA,2026-01-26
AEYE,2026-01-26
AFCG,2026-01-26
AFL,2026-01-26
AFRI,2026-01-26
AGIO,2026-01-26
AGL,2026-01-26
AGM,2026-01-26
AGX,2026-01-26
AGYS,2026-01-26
AHCO,2026-01-26
AHH,2026-01-26
AHL,2026-01-26
AHR,2026-01-26
AI,2026-01-26
AIG,2026-01-26
AII,2026-01-26
AIN,2026-01-26
AIOT,2026-01-26
AIP,2026-01-26
AIR,2026-01-26
AIRJ,2026-01-26
AIRO,2026-01-26
AIRS,2026-01-26
AISP,2026-01-26
AIV,2026-01-26
AIZ,2026-01-26
AJG,2026-01-26
AKAM,2026-01-26
AKBA,2026-01-26
AKR,2026-01-26
ALB,2026-01-26
ALCO,2026-01-26
ALDX,2026-01-26
ALEC,2026-01-26
ALEX,2026-01-26
ALG,2026-01-26
ALGN,2026-01-26
ALGT,2026-01-26
ALH,2026-01-26
ALHC,2026-01-26
ALIT,2026-01-26
ALKS,2026-01-26
ALKT,2026-01-26
ALL,2026-01-26
ALLE,2026-01-26
ALLO,2026-01-26
ALMS,2026-01-26
ALMU,2026-01-26
ALNT,2026-01-26
ALRM,2026-01-26
ALRS,2026-01-26
ALT,2026-01-26
ALTG,2026-01-26
ALTI,2026-01-26
ALX,2026-01-26
AMAL,2026-01-26
AMAT,2026-01-26
AMBA,2026-01-26
AMBP,2026-01-26
AMBQ,2026-01-26
AMC,2026-01-26
AMCR,2026-01-26
AMCX,2026-01-26
AMD,2026-01-26
AME,2026-01-26
AMGN,2026-01-26
AMLX,2026-01-26
AMN,2026-01-26
AMP,2026-01-26
AMPH,2026-01-26
AMPL,2026-01-26
AMPX,2026-01-26
AMR,2026-01-26
AMRC,2026-01-26
AMRX,2026-01-26
AMSC,2026-01-26
AMSF,2026-01-26
AMT,2026-01-26
AMTB,2026-01-26
AMWD,2026-01-26
AMZN,2026-01-26
ANAB,2026-01-26
ANDE,2026-01-26
ANET,2026-01-26
ANF,2026-01-26
ANGI,2026-01-26
ANGO,2026-01-26
ANIK,2026-01-26
ANIP,2026-01-26
ANNX,2026-01-26
AOMR,2026-01-26
AON,2026-01-26
AORT,2026-01-26
AOS,2026-01-26
AOSL,2026-01-26
AOUT,2026-01-26
APA,2026-01-26
APAM,2026-01-26
APD,2026-01-26
APEI,2026-01-26
APGE,2026-01-26
APH,2026-01-26
APLD,2026-01-26
APLE,2026-01-26
APO,2026-01-26
APOG,2026-01-26
APP,2026-01-26
APPN,2026-01-26
APPS,2026-01-26
APTV,2026-01-26
AQST,2026-01-26
ARAY,2026-01-26
ARCB,2026-01-26
ARCT,2026-01-26
ARDT,2026-01-26
ARDX,2026-01-26
ARE,2026-01-26
AREN,2026-01-26
ARES,2026-01-26
ARHS,2026-01-26
ARI,2026-01-26
ARKO,2026-01-26
ARL,2026-01-26
ARLO,2026-01-26
AROC,2026-01-26
AROW,2026-01-26
ARQ,2026-01-26
ARQT,2026-01-26
ARR,2026-01-26
ARRY,2026-01-26
ARVN,2026-01-26
ARWR,2026-01-26
ASAN,2026-01-26
ASB,2026-01-26
ASC,2026-01-26
ASGN,2026-01-26
ASIC,2026-01-26
ASIX,2026-01-26
ASLE,2026-01-26
ASO,2026-01-26
ASPI,2026-01-26
ASPN,2026-01-26
ASTE,2026-01-26
ASTH,2026-01-26
ASUR,2026-01-26
ATEC,2026-01-26
ATEN,2026-01-26
ATEX,2026-01-26
ATGE,2026-01-26
ATKR,2026-01-26
ATLC,2026-01-26
ATLO,2026-01-26
ATMU,2026-01-26
ATNI,2026-01-26
ATO,2026-01-26
ATOM,2026-01-26
ATRC,2026-01-26
ATRO,2026-01-26
ATXS,2026-01-26
ATYR,2026-01-26
AUB,2026-01-26
AUPH,2026-01-26
AURA,2026-01-26
AVA,2026-01-26
AVAH,2026-01-26
AVAV,2026-01-26
AVB,2026-01-26
AVBH,2026-01-26
AVBP,2026-01-26
AVD,2026-01-26
AVDL,2026-01-26
AVGO,2026-01-26
AVIR,2026-01-26
AVNS,2026-01-26
AVNT,2026-01-26
AVNW,2026-01-26
AVO,2026-01-26
AVPT,2026-01-26
AVR,2026-01-26
AVXL,2026-01-26
AVY,2026-01-26
AWK,2026-01-26
AWR,2026-01-26
AX,2026-01-26
AXGN,2026-01-26
AXL,2026-01-26
AXON,2026-01-26
AXP,2026-01-26
AXSM,2026-01-26
AZO,2026-01-26
AZTA,2026-01-26
AZZ,2026-01-26
BA,2026-01-26
BAC,2026-01-26
BALL,2026-01-26
BALY,2026-01-26
BANC,2026-01-26
BAND,2026-01-26
BANF,2026-01-26
BANR,2026-01-26
BARK,2026-01-26
BATRA,2026-01-26
BATRK,2026-01-26
BAX,2026-01-26
BBAI,2026-01-26
BBBY,2026-01-26
BBCP,2026-01-26
BBIO,2026-01-26
BBNX,2026-01-26
BBSI,2026-01-26
BBT,2026-01-26
BBUC,2026-01-26
BBW,2026-01-26
BBY,2026-01-26
BCAL,2026-01-26
BCAX,2026-01-26
BCBP,2026-01-26
BCC,2026-01-26
BCML,2026-01-26
BCO,2026-01-26
BCPC,2026-01-26
BCRX,2026-01-26
BDC,2026-01-26
BDN,2026-01-26
BDX,2026-01-26
BE,2026-01-26
BEAM,2026-01-26
BEEP,2026-01-26
BELFA,2026-01-26
BELFB,2026-01-26
BEN,2026-01-26
BETR,2026-01-26
BF-B,2026-01-26
BFC,2026-01-26
BFH,2026-01-26
BFLY,2026-01-26
BFS,2026-01-26
BFST,2026-01-26
BG,2026-01-26
BGC,2026-01-26
BGS,2026-01-26
BH,2026-01-26
BHB,2026-01-26
BHE,2026-01-26
BHR,2026-01-26
BHRB,2026-01-26
BHVN,2026-01-26
BIIB,2026-01-26
BIOA,2026-01-26
BIPC,2026-01-26
BJRI,2026-01-26
BK,2026-01-26
BKD,2026-01-26
BKE,2026-01-26
BKH,2026-01-26
BKKT,2026-01-26
BKNG,2026-01-26
BKR,2026-01-26
BKSY,2026-01-26
BKTI,2026-01-26
BKU,2026-01-26
BKV,2026-01-26
BL,2026-01-26
BLBD,2026-01-26
BLDR,2026-01-26
BLFS,2026-01-26
BLFY,2026-01-26
BLK,2026-01-26
BLKB,2026-01-26
BLMN,2026-01-26
BLND,2026-01-26
BLX,2026-01-26
BLZE,2026-01-26
BMBL,2026-01-26
BMI,2026-01-26
BMRC,2026-01-26
BMY,2026-01-26
BNED,2026-01-26
BNL,2026-01-26
BNTC,2026-01-26
BOC,2026-01-26
BOH,2026-01-26
BOOM,2026-01-26
BOOT,2026-01-26
BORR,2026-01-26
BOW,2026-01-26
BOX,2026-01-26
BPRN,2026-01-26
BR,2026-01-26
BRBS,2026-01-26
BRCB,2026-01-26
BRCC,2026-01-26
BRK-B,2026-01-26
BRO,2026-01-26
BRSL,2026-01-26
BRSP,2026-01-26
BRT,2026-01-26
BRZE,2026-01-26
BSET,2026-01-26
BSRR,2026-01-26
BSVN,2026-01-26
BSX,2026-01-26
BTBT,2026-01-26
BTDR,2026-01-26
BTMD,2026-01-26
BTSG,2026-01-26
BTU,2026-01-26
BUR,2026-01-26
BUSE,2026-01-26
BV,2026-01-26
BVFL,2026-01-26
BVS,2026-01-26
BWB,2026-01-26
BWFG,2026-01-26
BWIN,2026-01-26
BWMN,2026-01-26
BX,2026-01-26
BXC,2026-01-26
BXMT,2026-01-26
BXP,2026-01-26
BY,2026-01-26
BYND,2026-01-26
BYRN,2026-01-26
BZAI,2026-01-26
BZH,2026-01-26
C,2026-01-26
CABO,2026-01-26
CAC,2026-01-26
CADE,2026-01-26
CADL,2026-01-26
CAG,2026-01-26
CAH,2026-01-26
CAKE,2026-01-26
CAL,2026-01-26
CALM,2026-01-26
CALX,2026-01-26
CAPR,2026-01-26
CARE,2026-01-26
CARG,2026-01-26
CARL,2026-01-26
CARR,2026-01-26
CARS,2026-01-26
CASS,2026-01-26
CAT,2026-01-26
CATX,2026-01-26
CATY,2026-01-26
CB,2026-01-26
CBAN,2026-01-26
CBFV,2026-01-26
CBK,2026-01-26
CBL,2026-01-26
CBLL,2026-01-26
CBNA,2026-01-26
CBNK,2026-01-26
CBOE,2026-01-26
CBRE,2026-01-26
CBRL,2026-01-26
CBT,2026-01-26
CBU,2026-01-26
CBZ,2026-01-26
CC,2026-01-26
CCB,2026-01-26
CCBG,2026-01-26
CCI,2026-01-26
CCL,2026-01-26
CCNE,2026-01-26
CCOI,2026-01-26
CCRN,2026-01-26
CCS,2026-01-26
CCSI,2026-01-26
CD,2026-01-26
CDE,2026-01-26
CDNA,2026-01-26
CDNS,2026-01-26
CDP,2026-01-26
CDRE,2026-01-26
CDW,2026-01-26
CDXS,2026-01-26
CDZI,2026-01-26
CECO,2026-01-26
CEG,2026-01-26
CELC,2026-01-26
CENT,2026-01-26
CENTA,2026-01-26
CENX,2026-01-26
CERS,2026-01-26
CEVA,2026-01-26
CF,2026-01-26
CFBK,2026-01-26
CFFI,2026-01-26
CFFN,2026-01-26
CFG,2026-01-26
CGEM,2026-01-26
CGON,2026-01-26
CHCO,2026-01-26
CHCT,2026-01-26
CHD,2026-01-26
CHEF,2026-01-26
CHMG,2026-01-26
CHRS,2026-01-26
CHRW,2026-01-26
CHTR,2026-01-26
CI,2026-01-26
CIA,2026-01-26
CIFR,2026-01-26
CIM,2026-01-26
CINF,2026-01-26
CIVB,2026-01-26
CIX,2026-01-26
CL,2026-01-26
CLAR,2026-01-26
CLB,2026-01-26
CLBK,2026-01-26
CLDT,2026-01-26
CLDX,2026-01-26
CLFD,2026-01-26
CLMB,2026-01-26
CLMT,2026-01-26
CLNE,2026-01-26
CLOV,2026-01-26
CLPR,2026-01-26
CLPT,2026-01-26
CLSK,2026-01-26
CLW,2026-01-26
CLX,2026-01-26
CMC,2026-01-26
CMCL,2026-01-26
CMCO,2026-01-26
CMCSA,2026-01-26
CMDB,2026-01-26
CME,2026-01-26
CMG,2026-01-26
CMI,2026-01-26
CMP,2026-01-26
CMPO,2026-01-26
CMPR,2026-01-26
CMPX,2026-01-26
CMRC,2026-01-26
CMRE,2026-01-26
CMS,2026-01-26
CMT,2026-01-26
CMTG,2026-01-26
CNC,2026-01-26
CNDT,2026-01-26
CNK,2026-01-26
CNMD,2026-01-26
CNNE,2026-01-26
CNO,2026-01-26
CNOB,2026-01-26
CNP,2026-01-26
CNR,2026-01-26
CNS,2026-01-26
CNX,2026-01-26
CNXN,2026-01-26
COCO,2026-01-26
CODI,2026-01-26
COF,2026-01-26
COFS,2026-01-26
COGT,2026-01-26
COHU,2026-01-26
COIN,2026-01-26
COLL,2026-01-26
COMM,2026-01-26
COMP,2026-01-26
CON,2026-01-26
COO,2026-01-26
COOK,2026-01-26
COP,2026-01-26
COR,2026-01-26
CORZ,2026-01-26
COSO,2026-01-26
COST,2026-01-26
COUR,2026-01-26
CPAY,2026-01-26
CPB,2026-01-26
CPF,2026-01-26
CPK,2026-01-26
CPRI,2026-01-26
CPRT,2026-01-26
CPRX,2026-01-26
CPS,2026-01-26
CPSS,2026-01-26
CPT,2026-01-26
CRAI,2026-01-26
CRC,2026-01-26
CRCT,2026-01-26
CRDF,2026-01-26
CRDO,2026-01-26
CRGY,2026-01-26
CRH,2026-01-26
CRI,2026-01-26
CRK,2026-01-26
CRL,2026-01-26
CRM,2026-01-26
CRMD,2026-01-26
CRML,2026-01-26
CRMT,2026-01-26
CRNC,2026-01-26
CRNX,2026-01-26
CRSR,2026-01-26
CRVL,2026-01-26
CRVS,2026-01-26
CRWD,2026-01-26
CSCO,2026-01-26
CSGP,2026-01-26
CSGS,2026-01-26
CSPI,2026-01-26
CSR,2026-01-26
CSTL,2026-01-26
CSTM,2026-01-26
CSV,2026-01-26
CSW,2026-01-26
CSX,2026-01-26
CTAS,2026-01-26
CTBI,2026-01-26
CTEV,2026-01-26
CTGO,2026-01-26
CTKB,2026-01-26
CTLP,2026-01-26
CTO,2026-01-26
CTOS,2026-01-26
CTRA,2026-01-26
CTRE,2026-01-26
CTRI,2026-01-26
CTRN,2026-01-26
CTS,2026-01-26
CTSH,2026-01-26
CTVA,2026-01-26
CUBI,2026-01-26
CURB,2026-01-26
CURI,2026-01-26
CURV,2026-01-26
CV,2026-01-26
CVBF,2026-01-26
CVCO,2026-01-26
CVGW,2026-01-26
CVI,2026-01-26
CVLG,2026-01-26
CVLT,2026-01-26
CVNA,2026-01-26
CVRX,2026-01-26
CVS,2026-01-26
CVX,2026-01-26
CWAN,2026-01-26
CWBC,2026-01-26
CWCO,2026-01-26
CWH,2026-01-26
CWK,2026-01-26
CWST,2026-01-26
CWT,2026-01-26
CXDO,2026-01-26
CXM,2026-01-26
CXW,2026-01-26
CYH,2026-01-26
CYRX,2026-01-26
CYTK,2026-01-26
CZFS,2026-01-26
CZNC,2026-01-26
CZWI,2026-01-26
D,2026-01-26
DAKT,2026-01-26
DAL,2026-01-26
DAN,2026-01-26
DASH,2026-01-26
DAVE,2026-01-26
DAWN,2026-01-26
DAY,2026-01-26
DBD,2026-01-26
DBI,2026-01-26
DBRG,2026-01-26
DC,2026-01-26
DCGO,2026-01-26
DCO,2026-01-26
DCOM,2026-01-26
DCTH,2026-01-26
DD,2026-01-26
DDD,2026-01-26
DDOG,2026-01-26
DE,2026-01-26
DEA,2026-01-26
DEC,2026-01-26
DECK,2026-01-26
DEI,2026-01-26
DELL,2026-01-26
DENN,2026-01-26
DERM,2026-01-26
DFH,2026-01-26
DFIN,2026-01-26
DG,2026-01-26
DGICA,2026-01-26
DGII,2026-01-26
DGX,2026-01-26
DH,2026-01-26
DHC,2026-01-26
DHI,2026-01-26
DHIL,2026-01-26
DHR,2026-01-26
DHT,2026-01-26
DIN,2026-01-26
DIOD,2026-01-26
DIS,2026-01-26
DJCO,2026-01-26
DK,2026-01-26
DLR,2026-01-26
DLTR,2026-01-26
DLX,2026-01-26
DMAC,2026-01-26
DMRC,2026-01-26
DNA,2026-01-26
DNLI,2026-01-26
DNOW,2026-01-26
DNTH,2026-01-26
DNUT,2026-01-26
DOC,2026-01-26
DOCN,2026-01-26
DOLE,2026-01-26
DOMO,2026-01-26
DORM,2026-01-26
DOUG,2026-01-26
DOV,2026-01-26
DOW,2026-01-26
DPZ,2026-01-26
DRH,2026-01-26
DRI,2026-01-26
DRUG,2026-01-26
DRVN,2026-01-26
DSGN,2026-01-26
DSGR,2026-01-26
DSP,2026-01-26
DTE,2026-01-26
DUK,2026-01-26
DVA,2026-01-26
DVAX,2026-01-26
DVN,2026-01-26
DX,2026-01-26
DXCM,2026-01-26
DXPE,2026-01-26
DY,2026-01-26
DYN,2026-01-26
EA,2026-01-26
EAT,2026-01-26
EB,2026-01-26
EBAY,2026-01-26
EBC,2026-01-26
EBF,2026-01-26
EBMT,2026-01-26
EBS,2026-01-26
ECBK,2026-01-26
ECL,2026-01-26
ECPG,2026-01-26
ECVT,2026-01-26
ED,2026-01-26
EDIT,2026-01-26
EE,2026-01-26
EEX,2026-01-26
EFC,2026-01-26
EFSC,2026-01-26
EFSI,2026-01-26
EFX,2026-01-26
EG,2026-01-26
EGAN,2026-01-26
EGBN,2026-01-26
EGHT,2026-01-26
EGY,2026-01-26
EHAB,2026-01-26
EHTH,2026-01-26
EIG,2026-01-26
EIX,2026-01-26
EL,2026-01-26
ELA,2026-01-26
ELDN,2026-01-26
ELMD,2026-01-26
ELME,2026-01-26
ELV,2026-01-26
ELVN,2026-01-26
EMBC,2026-01-26
EME,2026-01-26
EML,2026-01-26
EMR,2026-01-26
ENOV,2026-01-26
ENR,2026-01-26
ENS,2026-01-26
ENSG,2026-01-26
ENTA,2026-01-26
ENVA,2026-01-26
ENVX,2026-01-26
EOG,2026-01-26
EOLS,2026-01-26
EOSE,2026-01-26
EP,2026-01-26
EPAC,2026-01-26
EPAM,2026-01-26
EPC,2026-01-26
EPM,2026-01-26
EPRT,2026-01-26
EPSN,2026-01-26
EQBK,2026-01-26
EQIX,2026-01-26
EQR,2026-01-26
EQT,2026-01-26
ERAS,2026-01-26
ERIE,2026-01-26
ERII,2026-01-26
ES,2026-01-26
ESCA,2026-01-26
ESE,2026-01-26
ESNT,2026-01-26
ESOA,2026-01-26
ESPR,2026-01-26
ESQ,2026-01-26
ESRT,2026-01-26
ESS,2026-01-26
ETD,2026-01-26
ETN,2026-01-26
ETON,2026-01-26
ETR,2026-01-26
EU,2026-01-26
EVC,2026-01-26
EVCM,2026-01-26
EVER,2026-01-26
EVEX,2026-01-26
EVGO,2026-01-26
EVH,2026-01-26
EVI,2026-01-26
EVLV,2026-01-26
EVRG,2026-01-26
EVTC,2026-01-26
EW,2026-01-26
EWCZ,2026-01-26
EWTX,2026-01-26
EXC,2026-01-26
EXE,2026-01-26
EXFY,2026-01-26
EXPD,2026-01-26
EXPE,2026-01-26
EXPI,2026-01-26
EXPO,2026-01-26
EXR,2026-01-26
EXTR,2026-01-26
EYE,2026-01-26
EYPT,2026-01-26
F,2026-01-26
FA,2026-01-26
FANG,2026-01-26
FAST,2026-01-26
FATE,2026-01-26
FBIZ,2026-01-26
FBK,2026-01-26
FBLA,2026-01-26
FBNC,2026-01-26
FBP,2026-01-26
FBRT,2026-01-26
FBYD,2026-01-26
FC,2026-01-26
FCAP,2026-01-26
FCBC,2026-01-26
FCCO,2026-01-26
FCF,2026-01-26
FCFS,2026-01-26
FCPT,2026-01-26
FCX,2026-01-26
FDBC,2026-01-26
FDMT,2026-01-26
FDP,2026-01-26
FDS,2026-01-26
FDX,2026-01-26
FE,2026-01-26
FEIM,2026-01-26
FELE,2026-01-26
FENC,2026-01-26
FET,2026-01-26
FF,2026-01-26
FFAI,2026-01-26
FFBC,2026-01-26
FFIC,2026-01-26
FFIN,2026-01-26
FFIV,2026-01-26
FFWM,2026-01-26
FG,2026-01-26
FHTX,2026-01-26
FIBK,2026-01-26
FICO,2026-01-26
FIGS,2026-01-26
FIHL,2026-01-26
FINW,2026-01-26
FIP,2026-01-26
FIS,2026-01-26
FISI,2026-01-26
FISV,2026-01-26
FITB,2026-01-26
FIVN,2026-01-26
FIX,2026-01-26
FIZZ,2026-01-26
FLG,2026-01-26
FLGT,2026-01-26
FLNC,2026-01-26
FLNG,2026-01-26
FLOC,2026-01-26
FLR,2026-01-26
FLWS,2026-01-26
FLXS,2026-01-26
FLY,2026-01-26
FLYW,2026-01-26
FMAO,2026-01-26
FMBH,2026-01-26
FMNB,2026-01-26
FN,2026-01-26
FNKO,2026-01-26
FNLC,2026-01-26
FNWD,2026-01-26
FOA,2026-01-26
FOLD,2026-01-26
FOR,2026-01-26
FORM,2026-01-26
FORR,2026-01-26
FOX,2026-01-26
FOXA,2026-01-26
FOXF,2026-01-26
FPI,2026-01-26
FRAF,2026-01-26
FRBA,2026-01-26
FRD,2026-01-26
FRGE,2026-01-26
FRME,2026-01-26
FRPH,2026-01-26
FRSH,2026-01-26
FRST,2026-01-26
FRT,2026-01-26
FSBC,2026-01-26
FSBW,2026-01-26
FSFG,2026-01-26
FSLR,2026-01-26
FSLY,2026-01-26
FSP,2026-01-26
FSS,2026-01-26
FSTR,2026-01-26
FSUN,2026-01-26
FTDR,2026-01-26
FTK,2026-01-26
FTLF,2026-01-26
FTNT,2026-01-26
FTRE,2026-01-26
FTV,2026-01-26
FUBO,2026-01-26
FUL,2026-01-26
FULC,2026-01-26
FULT,2026-01-26
FUN,2026-01-26
FUNC,2026-01-26
FVCB,2026-01-26
FVR,2026-01-26
FWRD,2026-01-26
FWRG,2026-01-26
FXNC,2026-01-26
GABC,2026-01-26
GAIA,2026-01-26
GAMB,2026-01-26
GATX,2026-01-26
GBCI,2026-01-26
GBFH,2026-01-26
GBTG,2026-01-26
GBX,2026-01-26
GCBC,2026-01-26
GCMG,2026-01-26
GCO,2026-01-26
GCT,2026-01-26
GD,2026-01-26
GDDY,2026-01-26
GDEN,2026-01-26
GDOT,2026-01-26
GDYN,2026-01-26
GE,2026-01-26
GEF,2026-01-26
GEHC,2026-01-26
GEN,2026-01-26
GENC,2026-01-26
GENI,2026-01-26
GEO,2026-01-26
GERN,2026-01-26
GETY,2026-01-26
GEV,2026-01-26
GEVO,2026-01-26
GFF,2026-01-26
GH,2026-01-26
GHC,2026-01-26
GHM,2026-01-26
GIC,2026-01-26
GIII,2026-01-26
GILD,2026-01-26
GIS,2026-01-26
GKOS,2026-01-26
GL,2026-01-26
GLDD,2026-01-26
GLNG,2026-01-26
GLRE,2026-01-26
GLSI,2026-01-26
GLUE,2026-01-26
GLW,2026-01-26
GM,2026-01-26
GMGI,2026-01-26
GMRE,2026-01-26
GNE,2026-01-26
GNK,2026-01-26
GNL,2026-01-26
GNRC,2026-01-26
GNW,2026-01-26
GO,2026-01-26
GOCO,2026-01-26
GOGO,2026-01-26
GOLD,2026-01-26
GOLF,2026-01-26
GOOD,2026-01-26
GOOG,2026-01-26
GOOGL,2026-01-26
GOSS,2026-01-26
GPC,2026-01-26
GPI,2026-01-26
GPN,2026-01-26
GPOR,2026-01-26
GPRE,2026-01-26
GRAL,2026-01-26
GRBK,2026-01-26
GRC,2026-01-26
GRDN,2026-01-26
GRMN,2026-01-26
GRND,2026-01-26
GRNT,2026-01-26
GRPN,2026-01-26
GS,2026-01-26
GSAT,2026-01-26
GSBC,2026-01-26
GSHD,2026-01-26
GSM,2026-01-26
GT,2026-01-26
GTLS,2026-01-26
GTN,2026-01-26
GTX,2026-01-26
GTY,2026-01-26
GVA,2026-01-26
GWRS,2026-01-26
GWW,2026-01-26
GYRE,2026-01-26
HAE,2026-01-26
HAFC,2026-01-26
HAIN,2026-01-26
HAL,2026-01-26
HAS,2026-01-26
HASI,2026-01-26
HBAN,2026-01-26
HBB,2026-01-26
HBCP,2026-01-26
HBNC,2026-01-26
HBT,2026-01-26
HCA,2026-01-26
HCAT,2026-01-26
HCC,2026-01-26
HCI,2026-01-26
HCKT,2026-01-26
HCSG,2026-01-26
HD,2026-01-26
HDSN,2026-01-26
HE,2026-01-26
HELE,2026-01-26
HFFG,2026-01-26
HFWA,2026-01-26
HG,2026-01-26
HGV,2026-01-26
HI,2026-01-26
HIFS,2026-01-26
HIG,2026-01-26
HII,2026-01-26
HIMS,2026-01-26
HIPO,2026-01-26
HL,2026-01-26
HLF,2026-01-26
HLIO,2026-01-26
HLIT,2026-01-26
HLLY,2026-01-26
HLMN,2026-01-26
HLT,2026-01-26
HLX,2026-01-26
HMN,2026-01-26
HNI,2026-01-26
HNRG,2026-01-26
HNST,2026-01-26
HNVR,2026-01-26
HOLX,2026-01-26
HOMB,2026-01-26
HON,2026-01-26
HOOD,2026-01-26
HOPE,2026-01-26
HOV,2026-01-26
HP,2026-01-26
HPE,2026-01-26
HPK,2026-01-26
HPP,2026-01-26
HPQ,2026-01-26
HQI,2026-01-26
HQY,2026-01-26
HRI,2026-01-26
HRL,2026-01-26
HRMY,2026-01-26
HROW,2026-01-26
HRTG,2026-01-26
HRTX,2026-01-26
HSHP,2026-01-26
HSIC,2026-01-26
HST,2026-01-26
HSTM,2026-01-26
HSY,2026-01-26
HTB,2026-01-26
HTBK,2026-01-26
HTFL,2026-01-26
HTH,2026-01-26
HTLD,2026-01-26
HTO,2026-01-26
HTZ,2026-01-26
HUBB,2026-01-26
HUBG,2026-01-26
HUM,2026-01-26
HUMA,2026-01-26
HURA,2026-01-26
HURN,2026-01-26
HUT,2026-01-26
HVT,2026-01-26
HWBK,2026-01-26
HWC,2026-01-26
HWKN,2026-01-26
HWM,2026-01-26
HY,2026-01-26
HYLN,2026-01-26
HZO,2026-01-26
IART,2026-01-26
IBCP,2026-01-26
IBEX,2026-01-26
IBKR,2026-01-26
IBM,2026-01-26
IBOC,2026-01-26
IBP,2026-01-26
IBRX,2026-01-26
IBTA,2026-01-26
ICE,2026-01-26
ICFI,2026-01-26
ICHR,2026-01-26
ICUI,2026-01-26
IDCC,2026-01-26
IDR,2026-01-26
IDT,2026-01-26
IDXX,2026-01-26
IDYA,2026-01-26
IE,2026-01-26
IESC,2026-01-26
IEX,2026-01-26
IFF,2026-01-26
IHRT,2026-01-26
III,2026-01-26
IIIN,2026-01-26
IIIV,2026-01-26
IIPR,2026-01-26
IKT,2026-01-26
ILLR,2026-01-26
ILPT,2026-01-26
IMAX,2026-01-26
IMKTA,2026-01-26
IMMR,2026-01-26
IMNM,2026-01-26
IMVT,2026-01-26
IMXI,2026-01-26
INBK,2026-01-26
INBX,2026-01-26
INCY,2026-01-26
INDB,2026-01-26
INDI,2026-01-26
INDV,2026-01-26
INGN,2026-01-26
INMB,2026-01-26
INN,2026-01-26
INNV,2026-01-26
INOD,2026-01-26
INR,2026-01-26
INSE,2026-01-26
INSG,2026-01-26
INSW,2026-01-26
INTA,2026-01-26
INTC,2026-01-26
INTU,2026-01-26
INV,2026-01-26
INVA,2026-01-26
INVH,2026-01-26
INVX,2026-01-26
IONQ,2026-01-26
IOSP,2026-01-26
IOVA,2026-01-26
IP,2026-01-26
IPAR,2026-01-26
IPI,2026-01-26
IQV,2026-01-26
IR,2026-01-26
IRM,2026-01-26
IRMD,2026-01-26
IRON,2026-01-26
IRT,2026-01-26
IRTC,2026-01-26
IRWD,2026-01-26
ISPR,2026-01-26
ISRG,2026-01-26
ISTR,2026-01-26
IT,2026-01-26
ITGR,2026-01-26
ITIC,2026-01-26
ITRI,2026-01-26
ITW,2026-01-26
IVR,2026-01-26
IVT,2026-01-26
IVZ,2026-01-26
J,2026-01-26
JACK,2026-01-26
JAKK,2026-01-26
JAMF,2026-01-26
JANX,2026-01-26
JBGS,2026-01-26
JBHT,2026-01-26
JBI,2026-01-26
JBIO,2026-01-26
JBL,2026-01-26
JBLU,2026-01-26
JBSS,2026-01-26
JBTM,2026-01-26
JCAP,2026-01-26
JCI,2026-01-26
JELD,2026-01-26
JILL,2026-01-26
JJSF,2026-01-26
JKHY,2026-01-26
JMSB,2026-01-26
JNJ,2026-01-26
JOBY,2026-01-26
JOE,2026-01-26
JOUT,2026-01-26
JPM,2026-01-26
JRVR,2026-01-26
JXN,2026-01-26
JYNT,2026-01-26
KAI,2026-01-26
KALU,2026-01-26
KALV,2026-01-26
KAR,2026-01-26
KBH,2026-01-26
KDP,2026-01-26
KE,2026-01-26
KELYA,2026-01-26
KEY,2026-01-26
KEYS,2026-01-26
KFRC,2026-01-26
KFS,2026-01-26
KFY,2026-01-26
KG,2026-01-26
KGEI,2026-01-26
KGS,2026-01-26
KHC,2026-01-26
KIDS,2026-01-26
KIM,2026-01-26
KINS,2026-01-26
KKR,2026-01-26
KLAC,2026-01-26
KLC,2026-01-26
KLIC,2026-01-26
KLTR,2026-01-26
KMB,2026-01-26
KMI,2026-01-26
KMT,2026-01-26
KMTS,2026-01-26
KN,2026-01-26
KNF,2026-01-26
KNTK,2026-01-26
KO,2026-01-26
KOD,2026-01-26
KODK,2026-01-26
KOP,2026-01-26
KOPN,2026-01-26
KOS,2026-01-26
KR,2026-01-26
KREF,2026-01-26
KRG,2026-01-26
KRMD,2026-01-26
KRNY,2026-01-26
KRO,2026-01-26
KROS,2026-01-26
KRRO,2026-01-26
KRT,2026-01-26
KRUS,2026-01-26
KRYS,2026-01-26
KSS,2026-01-26
KTB,2026-01-26
KTOS,2026-01-26
KULR,2026-01-26
KURA,2026-01-26
KVUE,2026-01-26
KW,2026-01-26
KWR,2026-01-26
KYMR,2026-01-26
L,2026-01-26
LAB,2026-01-26
LADR,2026-01-26
LAKE,2026-01-26
LAND,2026-01-26
LARK,2026-01-26
LASR,2026-01-26
LAUR,2026-01-26
LAW,2026-01-26
LBRT,2026-01-26
LBRX,2026-01-26
LC,2026-01-26
LCII,2026-01-26
LCNB,2026-01-26
LDI,2026-01-26
LDOS,2026-01-26
LE,2026-01-26
LEG,2026-01-26
LEGH,2026-01-26
LEN,2026-01-26
LENZ,2026-01-26
LEU,2026-01-26
LFCR,2026-01-26
LFMD,2026-01-26
LFST,2026-01-26
LFT,2026-01-26
LFVN,2026-01-26
LGIH,2026-01-26
LGN,2026-01-26
LGND,2026-01-26
LH,2026-01-26
LHX,2026-01-26
LIF,2026-01-26
LII,2026-01-26
LILA,2026-01-26
LILAK,2026-01-26
LIN,2026-01-26
LINC,2026-01-26
LIND,2026-01-26
LION,2026-01-26
LIVN,2026-01-26
LKFN,2026-01-26
LLY,2026-01-26
LMAT,2026-01-26
LMB,2026-01-26
LMND,2026-01-26
LMNR,2026-01-26
LMT,2026-01-26
LNKB,2026-01-26
LNN,2026-01-26
LNSR,2026-01-26
LNT,2026-01-26
LNTH,2026-01-26
LOB,2026-01-26
LOCO,2026-01-26
LOVE,2026-01-26
LOW,2026-01-26
LPG,2026-01-26
LPRO,2026-01-26
LQDA,2026-01-26
LQDT,2026-01-26
LRCX,2026-01-26
LRMR,2026-01-26
LRN,2026-01-26
LTBR,2026-01-26
LTC,2026-01-26
LTH,2026-01-26
LUCD,2026-01-26
LULU,2026-01-26
LUMN,2026-01-26
LUNG,2026-01-26
LUNR,2026-01-26
LUV,2026-01-26
LVS,2026-01-26
LVWR,2026-01-26
LW,2026-01-26
LWAY,2026-01-26
LXEO,2026-01-26
LXFR,2026-01-26
LXP,2026-01-26
LXU,2026-01-26
LYB,2026-01-26
LYTS,2026-01-26
LYV,2026-01-26
LZ,2026-01-26
LZB,2026-01-26
LZM,2026-01-26
MA,2026-01-26
MAA,2026-01-26
MAC,2026-01-26
MAGN,2026-01-26
MAMA,2026-01-26
MAPS,2026-01-26
MAR,2026-01-26
MARA,2026-01-26
MAS,2026-01-26
MASS,2026-01-26
MATV,2026-01-26
MATW,2026-01-26
MATX,2026-01-26
MAX,2026-01-26
MAZE,2026-01-26
MBC,2026-01-26
MBCN,2026-01-26
MBI,2026-01-26
MBIN,2026-01-26
MBUU,2026-01-26
MBWM,2026-01-26
MBX,2026-01-26
MC,2026-01-26
MCB,2026-01-26
MCBS,2026-01-26
MCD,2026-01-26
MCFT,2026-01-26
MCHB,2026-01-26
MCHP,2026-01-26
MCK,2026-01-26
MCO,2026-01-26
MCRI,2026-01-26
MCS,2026-01-26
MCW,2026-01-26
MCY,2026-01-26
MD,2026-01-26
MDGL,2026-01-26
MDLZ,2026-01-26
MDT,2026-01-26
MDV,2026-01-26
MDWD,2026-01-26
MDXG,2026-01-26
MEC,2026-01-26
MED,2026-01-26
MEG,2026-01-26
MEI,2026-01-26
MET,2026-01-26
META,2026-01-26
METC,2026-01-26
MFA,2026-01-26
MFIN,2026-01-26
MG,2026-01-26
MGEE,2026-01-26
MGM,2026-01-26
MGNI,2026-01-26
MGPI,2026-01-26
MGRC,2026-01-26
MGTX,2026-01-26
MGY,2026-01-26
MH,2026-01-26
MHO,2026-01-26
MIAX,2026-01-26
MIR,2026-01-26
MIRM,2026-01-26
MITK,2026-01-26
MITT,2026-01-26
MKC,2026-01-26
MKTW,2026-01-26
MLAB,2026-01-26
MLKN,2026-01-26
MLM,2026-01-26
MLP,2026-01-26
MLR,2026-01-26
MLYS,2026-01-26
MMI,2026-01-26
MMM,2026-01-26
MMS,2026-01-26
MMSI,2026-01-26
MNKD,2026-01-26
MNMD,2026-01-26
MNPR,2026-01-26
MNRO,2026-01-26
MNSB,2026-01-26
MNST,2026-01-26
MNTK,2026-01-26
MO,2026-01-26
MOD,2026-01-26
MODG,2026-01-26
MOFG,2026-01-26
MOH,2026-01-26
MOS,2026-01-26
MOV,2026-01-26
MPAA,2026-01-26
MPB,2026-01-26
MPC,2026-01-26
MPLT,2026-01-26
MPTI,2026-01-26
MPWR,2026-01-26
MPX,2026-01-26
MQ,2026-01-26
MRBK,2026-01-26
MRCY,2026-01-26
MRK,2026-01-26
MRNA,2026-01-26
MRSH,2026-01-26
MRTN,2026-01-26
MRVI,2026-01-26
MRX,2026-01-26
MS,2026-01-26
MSBI,2026-01-26
MSCI,2026-01-26
MSEX,2026-01-26
MSFT,2026-01-26
MSGE,2026-01-26
MSI,2026-01-26
MTB,2026-01-26
MTCH,2026-01-26
MTD,2026-01-26
MTH,2026-01-26
MTRN,2026-01-26
MTRX,2026-01-26
MTUS,2026-01-26
MTW,2026-01-26
MTX,2026-01-26
MU,2026-01-26
MUR,2026-01-26
MVBF,2026-01-26
MVIS,2026-01-26
MVST,2026-01-26
MWA,2026-01-26
MXCT,2026-01-26
MXL,2026-01-26
MYE,2026-01-26
MYFW,2026-01-26
MYGN,2026-01-26
MYO,2026-01-26
MYPS,2026-01-26
MYRG,2026-01-26
MZTI,2026-01-26
NABL,2026-01-26
NAGE,2026-01-26
NAT,2026-01-26
NATH,2026-01-26
NATL,2026-01-26
NATR,2026-01-26
NAVI,2026-01-26
NAVN,2026-01-26
NB,2026-01-26
NBBK,2026-01-26
NBHC,2026-01-26
NBN,2026-01-26
NBR,2026-01-26
NBTB,2026-01-26
NC,2026-01-26
NCLH,2026-01-26
NCMI,2026-01-26
NDAQ,2026-01-26
NDSN,2026-01-26
NE,2026-01-26
NECB,2026-01-26
NEE,2026-01-26
NEM,2026-01-26
NEO,2026-01-26
NEOG,2026-01-26
NEON,2026-01-26
NESR,2026-01-26
NEWT,2026-01-26
NEXN,2026-01-26
NEXT,2026-01-26
NFBK,2026-01-26
NFE,2026-01-26
NFLX,2026-01-26
NG,2026-01-26
NGNE,2026-01-26
NGS,2026-01-26
NGVC,2026-01-26
NGVT,2026-01-26
NHC,2026-01-26
NHI,2026-01-26
NI,2026-01-26
NIC,2026-01-26
NJR,2026-01-26
NKE,2026-01-26
NKSH,2026-01-26
NKTX,2026-01-26
NL,2026-01-26
NLOP,2026-01-26
NMAX,2026-01-26
NMIH,2026-01-26
NMRK,2026-01-26
NN,2026-01-26
NNE,2026-01-26
NNI,2026-01-26
NNOX,2026-01-26
NOC,2026-01-26
NODK,2026-01-26
NOG,2026-01-26
NOVT,2026-01-26
NOW,2026-01-26
NPB,2026-01-26
NPCE,2026-01-26
NPK,2026-01-26
NPKI,2026-01-26
NPO,2026-01-26
NPWR,2026-01-26
NRC,2026-01-26
NRDS,2026-01-26
NRDY,2026-01-26
NREF,2026-01-26
NRG,2026-01-26
NRIM,2026-01-26
NRIX,2026-01-26
NSC,2026-01-26
NSIT,2026-01-26
NSP,2026-01-26
NSSC,2026-01-26
NTAP,2026-01-26
NTB,2026-01-26
NTCT,2026-01-26
NTGR,2026-01-26
NTRS,2026-01-26
NTST,2026-01-26
NUE,2026-01-26
NUS,2026-01-26
NUTX,2026-01-26
NUVB,2026-01-26
NUVL,2026-01-26
NVAX,2026-01-26
NVCR,2026-01-26
NVCT,2026-01-26
NVDA,2026-01-26
NVEC,2026-01-26
NVGS,2026-01-26
NVR,2026-01-26
NVRI,2026-01-26
NVTS,2026-01-26
NWBI,2026-01-26
NWE,2026-01-26
NWFL,2026-01-26
NWN,2026-01-26
NWPX,2026-01-26
NWS,2026-01-26
NWSA,2026-01-26
NX,2026-01-26
NXDR,2026-01-26
NXDT,2026-01-26
NXPI,2026-01-26
NXRT,2026-01-26
NXT,2026-01-26
NXXT,2026-01-26
O,2026-01-26
OABI,2026-01-26
OBK,2026-01-26
OBT,2026-01-26
OCFC,2026-01-26
OCUL,2026-01-26
ODC,2026-01-26
ODFL,2026-01-26
OEC,2026-01-26
OFG,2026-01-26
OFIX,2026-01-26
OFLX,2026-01-26
OGS,2026-01-26
OI,2026-01-26
OII,2026-01-26
OIS,2026-01-26
OKE,2026-01-26
OLMA,2026-01-26
OLP,2026-01-26
OLPX,2026-01-26
OM,2026-01-26
OMC,2026-01-26
OMCL,2026-01-26
OMDA,2026-01-26
OMER,2026-01-26
OMI,2026-01-26
ON,2026-01-26
ONB,2026-01-26
ONEW,2026-01-26
ONIT,2026-01-26
ONTF,2026-01-26
OOMA,2026-01-26
OPAL,2026-01-26
OPBK,2026-01-26
OPCH,2026-01-26
OPFI,2026-01-26
OPK,2026-01-26
OPRT,2026-01-26
OPRX,2026-01-26
OPTU,2026-01-26
ORA,2026-01-26
ORC,2026-01-26
ORCL,2026-01-26
ORGO,2026-01-26
ORIC,2026-01-26
ORKA,2026-01-26
ORLY,2026-01-26
ORN,2026-01-26
ORRF,2026-01-26
OSBC,2026-01-26
OSG,2026-01-26
OSIS,2026-01-26
OSPN,2026-01-26
OSUR,2026-01-26
OSW,2026-01-26
OTIS,2026-01-26
OTTR,2026-01-26
OUST,2026-01-26
OUT,2026-01-26
OVBC,2026-01-26
OVLY,2026-01-26
OXM,2026-01-26
OXY,2026-01-26
PACB,2026-01-26
PACK,2026-01-26
PACS,2026-01-26
PAGS,2026-01-26
PAHC,2026-01-26
PAL,2026-01-26
PAMT,2026-01-26
PANL,2026-01-26
PANW,2026-01-26
PAR,2026-01-26
PARR,2026-01-26
PATK,2026-01-26
PAX,2026-01-26
PAYC,2026-01-26
PAYO,2026-01-26
PAYS,2026-01-26
PAYX,2026-01-26
PBF,2026-01-26
PBFS,2026-01-26
PBH,2026-01-26
PBI,2026-01-26
PBYI,2026-01-26
PCAR,2026-01-26
PCB,2026-01-26
PCG,2026-01-26
PCH,2026-01-26
PCRX,2026-01-26
PCT,2026-01-26
PCVX,2026-01-26
PCYO,2026-01-26
PD,2026-01-26
PDEX,2026-01-26
PDFS,2026-01-26
PDLB,2026-01-26
PDM,2026-01-26
PDYN,2026-01-26
PEB,2026-01-26
PEBK,2026-01-26
PEBO,2026-01-26
PECO,2026-01-26
PEG,2026-01-26
PENG,2026-01-26
PEP,2026-01-26
PESI,2026-01-26
PFBC,2026-01-26
PFE,2026-01-26
PFG,2026-01-26
PFIS,2026-01-26
PFS,2026-01-26
PFSI,2026-01-26
PG,2026-01-26
PGC,2026-01-26
PGEN,2026-01-26
PGNY,2026-01-26
PGR,2026-01-26
PGY,2026-01-26
PH,2026-01-26
PHAT,2026-01-26
PHIN,2026-01-26
PHM,2026-01-26
PHR,2026-01-26
PI,2026-01-26
PII,2026-01-26
PINE,2026-01-26
PIPR,2026-01-26
PJT,2026-01-26
PKBK,2026-01-26
PKE,2026-01-26
PKG,2026-01-26
PKOH,2026-01-26
PKST,2026-01-26
PL,2026-01-26
PLAB,2026-01-26
PLAY,2026-01-26
PLBC,2026-01-26
PLD,2026-01-26
PLMR,2026-01-26
PLOW,2026-01-26
PLPC,2026-01-26
PLSE,2026-01-26
PLTK,2026-01-26
PLTR,2026-01-26
PLUG,2026-01-26
PLUS,2026-01-26
PLX,2026-01-26
PLXS,2026-01-26
PLYM,2026-01-26
PM,2026-01-26
PMT,2026-01-26
PMTS,2026-01-26
PNBK,2026-01-26
PNC,2026-01-26
PNR,2026-01-26
PNRG,2026-01-26
PNTG,2026-01-26
PNW,2026-01-26
PODD,2026-01-26
POOL,2026-01-26
POR,2026-01-26
POWI,2026-01-26
POWL,2026-01-26
POWW,2026-01-26
PPG,2026-01-26
PPL,2026-01-26
PPTA,2026-01-26
PRA,2026-01-26
PRAA,2026-01-26
PRAX,2026-01-26
PRCH,2026-01-26
PRCT,2026-01-26
PRDO,2026-01-26
PRG,2026-01-26
PRGS,2026-01-26
PRIM,2026-01-26
PRK,2026-01-26
PRKS,2026-01-26
PRLB,2026-01-26
PRM,2026-01-26
PRME,2026-01-26
PROP,2026-01-26
PRSU,2026-01-26
PRTA,2026-01-26
PRTH,2026-01-26
PRU,2026-01-26
PRVA,2026-01-26
PSA,2026-01-26
PSFE,2026-01-26
PSIX,2026-01-26
PSKY,2026-01-26
PSMT,2026-01-26
PSNL,2026-01-26
PSTL,2026-01-26
PSX,2026-01-26
PTC,2026-01-26
PTCT,2026-01-26
PTEN,2026-01-26
PTGX,2026-01-26
PTLO,2026-01-26
PTON,2026-01-26
PUBM,2026-01-26
PUMP,2026-01-26
PVLA,2026-01-26
PWP,2026-01-26
PWR,2026-01-26
PX,2026-01-26
PXED,2026-01-26
PYPL,2026-01-26
PZZA,2026-01-26
Q,2026-01-26
QBTS,2026-01-26
QCOM,2026-01-26
QCRH,2026-01-26
QDEL,2026-01-26
QLYS,2026-01-26
QNST,2026-01-26
QSI,2026-01-26
QTRX,2026-01-26
QTWO,2026-01-26
QUAD,2026-01-26
QUBT,2026-01-26
RAMP,2026-01-26
RAPP,2026-01-26
RBB,2026-01-26
RBBN,2026-01-26
RBCAA,2026-01-26
RBKB,2026-01-26
RC,2026-01-26
RCAT,2026-01-26
RCEL,2026-01-26
RCKT,2026-01-26
RCKY,2026-01-26
RCL,2026-01-26
RCMT,2026-01-26
RCUS,2026-01-26
RDN,2026-01-26
RDNT,2026-01-26
RDVT,2026-01-26
RDW,2026-01-26
REAL,2026-01-26
REAX,2026-01-26
REFI,2026-01-26
REG,2026-01-26
REGN,2026-01-26
RELL,2026-01-26
RELY,2026-01-26
REPL,2026-01-26
REPX,2026-01-26
RES,2026-01-26
REVG,2026-01-26
REX,2026-01-26
REZI,2026-01-26
RF,2026-01-26
RGCO,2026-01-26
RGNX,2026-01-26
RGP,2026-01-26
RGR,2026-01-26
RGTI,2026-01-26
RHLD,2026-01-26
RHP,2026-01-26
RICK,2026-01-26
RIG,2026-01-26
RIGL,2026-01-26
RIOT,2026-01-26
RJF,2026-01-26
RL,2026-01-26
RLAY,2026-01-26
RLGT,2026-01-26
RLJ,2026-01-26
RM,2026-01-26
RMAX,2026-01-26
RMBI,2026-01-26
RMBS,2026-01-26
RMD,2026-01-26
RMNI,2026-01-26
RMR,2026-01-26
RNA,2026-01-26
RNAC,2026-01-26
RNGR,2026-01-26
RNST,2026-01-26
ROAD,2026-01-26
ROCK,2026-01-26
ROG,2026-01-26
ROK,2026-01-26
ROL,2026-01-26
ROOT,2026-01-26
ROP,2026-01-26
ROST,2026-01-26
RPAY,2026-01-26
RPD,2026-01-26
RPT,2026-01-26
RR,2026-01-26
RRBI,2026-01-26
RRR,2026-01-26
RSG,2026-01-26
RSI,2026-01-26
RSVR,2026-01-26
RTX,2026-01-26
RUM,2026-01-26
RUN,2026-01-26
RUSHA,2026-01-26
RUSHB,2026-01-26
RVLV,2026-01-26
RVSB,2026-01-26
RVTY,2026-01-26
RWT,2026-01-26
RXO,2026-01-26
RXRX,2026-01-26
RXST,2026-01-26
RXT,2026-01-26
RYAM,2026-01-26
RYI,2026-01-26
RYTM,2026-01-26
RZLT,2026-01-26
RZLV,2026-01-26
SABR,2026-01-26
SAFE,2026-01-26
SAFT,2026-01-26
SAFX,2026-01-26
SAH,2026-01-26
SAMG,2026-01-26
SANA,2026-01-26
SANM,2026-01-26
SATL,2026-01-26
SATS,2026-01-26
SB,2026-01-26
SBAC,2026-01-26
SBC,2026-01-26
SBCF,2026-01-26
SBFG,2026-01-26
SBGI,2026-01-26
SBH,2026-01-26
SBRA,2026-01-26
SBSI,2026-01-26
SBUX,2026-01-26
SCHL,2026-01-26
SCHW,2026-01-26
SCL,2026-01-26
SCSC,2026-01-26
SCVL,2026-01-26
SD,2026-01-26
SDGR,2026-01-26
SDRL,2026-01-26
SEAT,2026-01-26
SEG,2026-01-26
SEI,2026-01-26
SEM,2026-01-26
SEMR,2026-01-26
SENEA,2026-01-26
SEPN,2026-01-26
SERV,2026-01-26
SEVN,2026-01-26
SEZL,2026-01-26
SFBC,2026-01-26
SFBS,2026-01-26
SFIX,2026-01-26
SFL,2026-01-26
SFNC,2026-01-26
SFST,2026-01-26
SG,2026-01-26
SGC,2026-01-26
SGHC,2026-01-26
SGHT,2026-01-26
SGRY,2026-01-26
SHAK,2026-01-26
SHBI,2026-01-26
SHEN,2026-01-26
SHLS,2026-01-26
SHO,2026-01-26
SHOO,2026-01-26
SHW,2026-01-26
SI,2026-01-26
SIBN,2026-01-26
SIEB,2026-01-26
SIG,2026-01-26
SIGA,2026-01-26
SIGI,2026-01-26
SILA,2026-01-26
SION,2026-01-26
SITC,2026-01-26
SITM,2026-01-26
SJM,2026-01-26
SKIL,2026-01-26
SKIN,2026-01-26
SKT,2026-01-26
SKWD,2026-01-26
SKY,2026-01-26
SKYH,2026-01-26
SKYT,2026-01-26
SKYW,2026-01-26
SKYX,2026-01-26
SLAB,2026-01-26
SLB,2026-01-26
SLDB,2026-01-26
SLDE,2026-01-26
SLDP,2026-01-26
SLG,2026-01-26
SLND,2026-01-26
SLNO,2026-01-26
SLP,2026-01-26
SLQT,2026-01-26
SLS,2026-01-26
SLSN,2026-01-26
SLVM,2026-01-26
SM,2026-01-26
SMA,2026-01-26
SMBC,2026-01-26
SMBK,2026-01-26
SMC,2026-01-26
SMCI,2026-01-26
SMHI,2026-01-26
SMID,2026-01-26
SMLR,2026-01-26
SMP,2026-01-26
SMPL,2026-01-26
SMR,2026-01-26
SMTC,2026-01-26
SMTI,2026-01-26
SNA,2026-01-26
SNBR,2026-01-26
SNCR,2026-01-26
SNCY,2026-01-26
SNDA,2026-01-26
SNDK,2026-01-26
SNDX,2026-01-26
SNEX,2026-01-26
SNFCA,2026-01-26
SNPS,2026-01-26
SNWV,2026-01-26
SO,2026-01-26
SOC,2026-01-26
SOLV,2026-01-26
SONO,2026-01-26
SOUN,2026-01-26
SPB,2026-01-26
SPFI,2026-01-26
SPG,2026-01-26
SPGI,2026-01-26
SPHR,2026-01-26
SPIR,2026-01-26
SPNT,2026-01-26
SPOK,2026-01-26
SPRY,2026-01-26
SPSC,2026-01-26
SPT,2026-01-26
SPWR,2026-01-26
SPXC,2026-01-26
SR,2026-01-26
SRBK,2026-01-26
SRCE,2026-01-26
SRE,2026-01-26
SRRK,2026-01-26
SRTA,2026-01-26
SSP,2026-01-26
SSRM,2026-01-26
SSTI,2026-01-26
SSTK,2026-01-26
STAA,2026-01-26
STBA,2026-01-26
STC,2026-01-26
STE,2026-01-26
STEL,2026-01-26
STEP,2026-01-26
STGW,2026-01-26
STIM,2026-01-26
STKL,2026-01-26
STLD,2026-01-26
STNE,2026-01-26
STNG,2026-01-26
STOK,2026-01-26
STRA,2026-01-26
STRL,2026-01-26
STRS,2026-01-26
STRT,2026-01-26
STRW,2026-01-26
STRZ,2026-01-26
STT,2026-01-26
STX,2026-01-26
STXS,2026-01-26
STZ,2026-01-26
SUNS,2026-01-26
SUPN,2026-01-26
SVC,2026-01-26
SVCO,2026-01-26
SVRA,2026-01-26
SVV,2026-01-26
SW,2026-01-26
SWBI,2026-01-26
SWIM,2026-01-26
SWK,2026-01-26
SWKH,2026-01-26
SWKS,2026-01-26
SWX,2026-01-26
SXC,2026-01-26
SXI,2026-01-26
SXT,2026-01-26
SYBT,2026-01-26
SYF,2026-01-26
SYK,2026-01-26
SYNA,2026-01-26
SYRE,2026-01-26
SYY,2026-01-26
T,2026-01-26
TALK,2026-01-26
TALO,2026-01-26
TAP,2026-01-26
TARA,2026-01-26
TARS,2026-01-26
TBBK,2026-01-26
TBCH,2026-01-26
TBI,2026-01-26
TBPH,2026-01-26
TBRG,2026-01-26
TCBI,2026-01-26
TCBK,2026-01-26
TCBX,2026-01-26
TCI,2026-01-26
TCMD,2026-01-26
TCX,2026-01-26
TDAY,2026-01-26
TDG,2026-01-26
TDOC,2026-01-26
TDS,2026-01-26
TDUP,2026-01-26
TDW,2026-01-26
TDY,2026-01-26
TE,2026-01-26
TEAD,2026-01-26
TECH,2026-01-26
TECX,2026-01-26
TEL,2026-01-26
TENB,2026-01-26
TER,2026-01-26
TERN,2026-01-26
TEX,2026-01-26
TFC,2026-01-26
TFIN,2026-01-26
TG,2026-01-26
TGLS,2026-01-26
TGNA,2026-01-26
TGT,2026-01-26
TGTX,2026-01-26
TH,2026-01-26
THFF,2026-01-26
THR,2026-01-26
THRM,2026-01-26
THRY,2026-01-26
THS,2026-01-26
TIC,2026-01-26
TILE,2026-01-26
TIPT,2026-01-26
TITN,2026-01-26
TJX,2026-01-26
TK,2026-01-26
TKNO,2026-01-26
TKO,2026-01-26
TLS,2026-01-26
TLSI,2026-01-26
TMCI,2026-01-26
TMDX,2026-01-26
TMHC,2026-01-26
TMO,2026-01-26
TMP,2026-01-26
TMUS,2026-01-26
TNC,2026-01-26
TNDM,2026-01-26
TNET,2026-01-26
TNGX,2026-01-26
TNK,2026-01-26
TNXP,2026-01-26
TOI,2026-01-26
TOWN,2026-01-26
TPB,2026-01-26
TPC,2026-01-26
TPH,2026-01-26
TPL,2026-01-26
TPR,2026-01-26
TR,2026-01-26
TRAK,2026-01-26
TRC,2026-01-26
TRDA,2026-01-26
TREE,2026-01-26
TRGP,2026-01-26
TRIP,2026-01-26
TRMB,2026-01-26
TRMK,2026-01-26
TRN,2026-01-26
TRNO,2026-01-26
TRNS,2026-01-26
TROW,2026-01-26
TROX,2026-01-26
TRS,2026-01-26
TRST,2026-01-26
TRTX,2026-01-26
TRUE,2026-01-26
TRUP,2026-01-26
TRV,2026-01-26
TRVI,2026-01-26
TSBK,2026-01-26
TSCO,2026-01-26
TSE,2026-01-26
TSHA,2026-01-26
TSLA,2026-01-26
TSN,2026-01-26
TSSI,2026-01-26
TT,2026-01-26
TTAM,2026-01-26
TTD,2026-01-26
TTEC,2026-01-26
TTGT,2026-01-26
TTI,2026-01-26
TTMI,2026-01-26
TTSH,2026-01-26
TTWO,2026-01-26
TUSK,2026-01-26
TVGN,2026-01-26
TVRD,2026-01-26
TVTX,2026-01-26
TWI,2026-01-26
TWO,2026-01-26
TWST,2026-01-26
TXN,2026-01-26
TXNM,2026-01-26
TXT,2026-01-26
TYL,2026-01-26
TYRA,2026-01-26
TZOO,2026-01-26
UAL,2026-01-26
UAMY,2026-01-26
UBER,2026-01-26
UBFO,2026-01-26
UBSI,2026-01-26
UCB,2026-01-26
UCTT,2026-01-26
UDMY,2026-01-26
UDR,2026-01-26
UE,2026-01-26
UEC,2026-01-26
UFCS,2026-01-26
UFPI,2026-01-26
UFPT,2026-01-26
UHS,2026-01-26
UHT,2026-01-26
UIS,2026-01-26
ULCC,2026-01-26
ULH,2026-01-26
ULTA,2026-01-26
UMBF,2026-01-26
UMH,2026-01-26
UNB,2026-01-26
UNF,2026-01-26
UNFI,2026-01-26
UNH,2026-01-26
UNIT,2026-01-26
UNP,2026-01-26
UNTY,2026-01-26
UPB,2026-01-26
UPBD,2026-01-26
UPS,2026-01-26
UPST,2026-01-26
UPWK,2026-01-26
URBN,2026-01-26
URGN,2026-01-26
URI,2026-01-26
USAR,2026-01-26
USAU,2026-01-26
USB,2026-01-26
USCB,2026-01-26
USD,2026-01-26
USLM,2026-01-26
USNA,2026-01-26
USPH,2026-01-26
UTI,2026-01-26
UTL,2026-01-26
UTMD,2026-01-26
UTZ,2026-01-26
UUUU,2026-01-26
UVE,2026-01-26
UVSP,2026-01-26
UVV,2026-01-26
V,2026-01-26
VABK,2026-01-26
VAC,2026-01-26
VAL,2026-01-26
VALU,2026-01-26
VC,2026-01-26
VCEL,2026-01-26
VCTR,2026-01-26
VCYT,2026-01-26
VECO,2026-01-26
VEL,2026-01-26
VERA,2026-01-26
VERX,2026-01-26
VGAS,2026-01-26
VHI,2026-01-26
VIA,2026-01-26
VIAV,2026-01-26
VICI,2026-01-26
VICR,2026-01-26
VIR,2026-01-26
VIRC,2026-01-26
VITL,2026-01-26
VLGEA,2026-01-26
VLO,2026-01-26
VLTO,2026-01-26
VLY,2026-01-26
VMC,2026-01-26
VMD,2026-01-26
VNDA,2026-01-26
VOXR,2026-01-26
VOYG,2026-01-26
VPG,2026-01-26
VRDN,2026-01-26
VRE,2026-01-26
VREX,2026-01-26
VRM,2026-01-26
VRNS,2026-01-26
VRRM,2026-01-26
VRSK,2026-01-26
VRSN,2026-01-26
VRTS,2026-01-26
VRTX,2026-01-26
VSAT,2026-01-26
VSCO,2026-01-26
VSEC,2026-01-26
VSH,2026-01-26
VST,2026-01-26
VSTM,2026-01-26
VSTS,2026-01-26
VTEX,2026-01-26
VTOL,2026-01-26
VTR,2026-01-26
VTRS,2026-01-26
VTS,2026-01-26
VUZI,2026-01-26
VVX,2026-01-26
VYGR,2026-01-26
VYX,2026-01-26
VZ,2026-01-26
WAB,2026-01-26
WABC,2026-01-26
WAFD,2026-01-26
WALD,2026-01-26
WASH,2026-01-26
WAT,2026-01-26
WAY,2026-01-26
WBD,2026-01-26
WBTN,2026-01-26
WD,2026-01-26
WDAY,2026-01-26
WDC,2026-01-26
WDFC,2026-01-26
WEAV,2026-01-26
WEC,2026-01-26
WELL,2026-01-26
WERN,2026-01-26
WEST,2026-01-26
WEYS,2026-01-26
WFC,2026-01-26
WGO,2026-01-26
WGS,2026-01-26
WHD,2026-01-26
WHG,2026-01-26
WINA,2026-01-26
WK,2026-01-26
WKC,2026-01-26
WLDN,2026-01-26
WLFC,2026-01-26
WLY,2026-01-26
WM,2026-01-26
WMB,2026-01-26
WMK,2026-01-26
WMT,2026-01-26
WNC,2026-01-26
WNEB,2026-01-26
WOOF,2026-01-26
WOR,2026-01-26
WRB,2026-01-26
WRBY,2026-01-26
WRLD,2026-01-26
WS,2026-01-26
WSBC,2026-01-26
WSBF,2026-01-26
WSFS,2026-01-26
WSM,2026-01-26
WSR,2026-01-26
WST,2026-01-26
WT,2026-01-26
WTBA,2026-01-26
WTI,2026-01-26
WTS,2026-01-26
WTTR,2026-01-26
WTW,2026-01-26
WULF,2026-01-26
WVE,2026-01-26
WWW,2026-01-26
WY,2026-01-26
WYFI,2026-01-26
WYNN,2026-01-26
XEL,2026-01-26
XENE,2026-01-26
XERS,2026-01-26
XHR,2026-01-26
XMTR,2026-01-26
XNCR,2026-01-26
XOM,2026-01-26
XOMA,2026-01-26
XPEL,2026-01-26
XPER,2026-01-26
XPOF,2026-01-26
XPRO,2026-01-26
XRX,2026-01-26
XYL,2026-01-26
XYZ,2026-01-26
YELP,2026-01-26
YEXT,2026-01-26
YORW,2026-01-26
YOU,2026-01-26
YUM,2026-01-26
ZBH,2026-01-26
ZBIO,2026-01-26
ZBRA,2026-01-26
ZD,2026-01-26
ZETA,2026-01-26
ZEUS,2026-01-26
ZGN,2026-01-26
ZIP,2026-01-26
ZSPC,2026-01-26
ZTS,2026-01-26
ZUMZ,2026-01-26
ZVIA,2026-01-26
ZVRA,2026-01-26
ZWS,2026-01-26
ZYME,2026-01-26
